{
  "task_names": [
    "pCMC",
    "AW_ST_CMC",
    "Gamma_max",
    "Area_min",
    "Pi_CMC",
    "pC20"
  ],
  "means": {
    "pCMC": 3.1596956821282594,
    "AW_ST_CMC": 36.01234853812879,
    "Gamma_max": 2.2103221597131486e-06,
    "Area_min": 1.0914958726848403,
    "Pi_CMC": 35.63014972864491,
    "pC20": 4.0528047146920265
  },
  "stds": {
    "pCMC": 1.1385935363678692,
    "AW_ST_CMC": 6.918794978315898,
    "Gamma_max": 1.2018785908336883e-06,
    "Area_min": 0.8259089957550736,
    "Pi_CMC": 7.265184400430368,
    "pC20": 1.2323903264644134
  },
  "is_fitted": true
}